﻿Sentence,Word,Heading,Count,Len
"our website is mobile friendly and designed to provide you with our full range of products, tool hire shop locations, training services, health & safety guides, special offers, the latest news items and more.","hire, tool, products",grab loader hire | hire duration | hire shop,2,208
"the website offers many products at special prices which are not always available in store, so make sure you order online to ensure that you receive the best hire rates for your tool hire needs.","hire, tool, products",grab loader hire | hire duration | hire shop,2,194
"brandon hire station is the specialist tool and equipment hire division of vp plc and is one of the uk’s largest providers of tools and equipment for industry, construction and diy.","hire, tool, equipment",grab loader hire | hire duration | hire shop,2,181
orders placed online can either be collected from one of our many tool hire shops nationwide or we can deliver the equipment to your required location (mainland uk only).,"hire, tool, equipment",grab loader hire | hire duration | hire shop,2,170
