﻿Sentence,Word,Heading,Count,Len
below are our skip sizes and approximate measurements.,skip,"builder's skip | builder's plus skip | can i put a skip on my garden? | midi skip | all skip sizes | what are the benefits of using a skip hiring service? | what can i put in a skip | what can’t i put in a skip | what happens to the waste in my skip? | affordable skip hiring | what is the most common skip size in the uk? | what kind of materials can be put in a a skip | what you can't skip | why rent a skip? | can i put a skip on my road? | struggling for space and want your rubbish gone straight away? book online in 3 easy steps: enter your postcode, choose a skip, and select your delivery/collection dates – you fill it, we collect it. | choosing the best skip size | cost of different sized skips | order for the skip | our extensive range of skip sizes extends to over 600 containers in the following sizes: | know your required skip size. | plasterboard only skips | restricted items – what can’t you put in a skip? | same day skip delivery | siting the skip | size of the skip you need | how much does a skip permit cost? | how much does a builder’s skip cost? | how long can you keep a skip? | how long can you keep a skip for? | skip operators licence | half builder's skip | skip weight limits | london skip permit rates | general skip restrictions | filling a skip | mini skip",8,54
when filling your skip you can only load it level with the top of the skip itself.,skip,"builder's skip | builder's plus skip | can i put a skip on my garden? | midi skip | all skip sizes | what are the benefits of using a skip hiring service? | what can i put in a skip | what can’t i put in a skip | what happens to the waste in my skip? | affordable skip hiring | what is the most common skip size in the uk? | what kind of materials can be put in a a skip | what you can't skip | why rent a skip? | can i put a skip on my road? | struggling for space and want your rubbish gone straight away? book online in 3 easy steps: enter your postcode, choose a skip, and select your delivery/collection dates – you fill it, we collect it. | choosing the best skip size | cost of different sized skips | order for the skip | our extensive range of skip sizes extends to over 600 containers in the following sizes: | know your required skip size. | plasterboard only skips | restricted items – what can’t you put in a skip? | same day skip delivery | siting the skip | size of the skip you need | how much does a skip permit cost? | how much does a builder’s skip cost? | how long can you keep a skip? | how long can you keep a skip for? | skip operators licence | half builder's skip | skip weight limits | london skip permit rates | general skip restrictions | filling a skip | mini skip",8,82
the most obvious advice we can give is that you need to establish exactly how big a skip you need.,skip,"builder's skip | builder's plus skip | can i put a skip on my garden? | midi skip | all skip sizes | what are the benefits of using a skip hiring service? | what can i put in a skip | what can’t i put in a skip | what happens to the waste in my skip? | affordable skip hiring | what is the most common skip size in the uk? | what kind of materials can be put in a a skip | what you can't skip | why rent a skip? | can i put a skip on my road? | struggling for space and want your rubbish gone straight away? book online in 3 easy steps: enter your postcode, choose a skip, and select your delivery/collection dates – you fill it, we collect it. | choosing the best skip size | cost of different sized skips | order for the skip | our extensive range of skip sizes extends to over 600 containers in the following sizes: | know your required skip size. | plasterboard only skips | restricted items – what can’t you put in a skip? | same day skip delivery | siting the skip | size of the skip you need | how much does a skip permit cost? | how much does a builder’s skip cost? | how long can you keep a skip? | how long can you keep a skip for? | skip operators licence | half builder's skip | skip weight limits | london skip permit rates | general skip restrictions | filling a skip | mini skip",8,98
a builders skip – a popular name for a 6 yard skip – can cost anywhere from £150 to £300 depending on where you are in the uk.,skip,"builder's skip | builder's plus skip | can i put a skip on my garden? | midi skip | all skip sizes | what are the benefits of using a skip hiring service? | what can i put in a skip | what can’t i put in a skip | what happens to the waste in my skip? | affordable skip hiring | what is the most common skip size in the uk? | what kind of materials can be put in a a skip | what you can't skip | why rent a skip? | can i put a skip on my road? | struggling for space and want your rubbish gone straight away? book online in 3 easy steps: enter your postcode, choose a skip, and select your delivery/collection dates – you fill it, we collect it. | choosing the best skip size | cost of different sized skips | order for the skip | our extensive range of skip sizes extends to over 600 containers in the following sizes: | know your required skip size. | plasterboard only skips | restricted items – what can’t you put in a skip? | same day skip delivery | siting the skip | size of the skip you need | how much does a skip permit cost? | how much does a builder’s skip cost? | how long can you keep a skip? | how long can you keep a skip for? | skip operators licence | half builder's skip | skip weight limits | london skip permit rates | general skip restrictions | filling a skip | mini skip",8,126
"in the uk, you could even be arrested and criminally prosecuted for dumping these materials in a skip.",skip,"builder's skip | builder's plus skip | can i put a skip on my garden? | midi skip | all skip sizes | what are the benefits of using a skip hiring service? | what can i put in a skip | what can’t i put in a skip | what happens to the waste in my skip? | affordable skip hiring | what is the most common skip size in the uk? | what kind of materials can be put in a a skip | what you can't skip | why rent a skip? | can i put a skip on my road? | struggling for space and want your rubbish gone straight away? book online in 3 easy steps: enter your postcode, choose a skip, and select your delivery/collection dates – you fill it, we collect it. | choosing the best skip size | cost of different sized skips | order for the skip | our extensive range of skip sizes extends to over 600 containers in the following sizes: | know your required skip size. | plasterboard only skips | restricted items – what can’t you put in a skip? | same day skip delivery | siting the skip | size of the skip you need | how much does a skip permit cost? | how much does a builder’s skip cost? | how long can you keep a skip? | how long can you keep a skip for? | skip operators licence | half builder's skip | skip weight limits | london skip permit rates | general skip restrictions | filling a skip | mini skip",8,102
"from £150(inc vat) the 8-yard skip is the most popular within the construction industry, but if you have lots of light items that take up a lot of space, a 10 or 12 yard may be more suitable.",skip,"builder's skip | builder's plus skip | can i put a skip on my garden? | midi skip | all skip sizes | what are the benefits of using a skip hiring service? | what can i put in a skip | what can’t i put in a skip | what happens to the waste in my skip? | affordable skip hiring | what is the most common skip size in the uk? | what kind of materials can be put in a a skip | what you can't skip | why rent a skip? | can i put a skip on my road? | struggling for space and want your rubbish gone straight away? book online in 3 easy steps: enter your postcode, choose a skip, and select your delivery/collection dates – you fill it, we collect it. | choosing the best skip size | cost of different sized skips | order for the skip | our extensive range of skip sizes extends to over 600 containers in the following sizes: | know your required skip size. | plasterboard only skips | restricted items – what can’t you put in a skip? | same day skip delivery | siting the skip | size of the skip you need | how much does a skip permit cost? | how much does a builder’s skip cost? | how long can you keep a skip? | how long can you keep a skip for? | skip operators licence | half builder's skip | skip weight limits | london skip permit rates | general skip restrictions | filling a skip | mini skip",8,191
from £120(inc vat) are you in the market for a particular size of skip for your home clearance or construction project?,skip,"builder's skip | builder's plus skip | can i put a skip on my garden? | midi skip | all skip sizes | what are the benefits of using a skip hiring service? | what can i put in a skip | what can’t i put in a skip | what happens to the waste in my skip? | affordable skip hiring | what is the most common skip size in the uk? | what kind of materials can be put in a a skip | what you can't skip | why rent a skip? | can i put a skip on my road? | struggling for space and want your rubbish gone straight away? book online in 3 easy steps: enter your postcode, choose a skip, and select your delivery/collection dates – you fill it, we collect it. | choosing the best skip size | cost of different sized skips | order for the skip | our extensive range of skip sizes extends to over 600 containers in the following sizes: | know your required skip size. | plasterboard only skips | restricted items – what can’t you put in a skip? | same day skip delivery | siting the skip | size of the skip you need | how much does a skip permit cost? | how much does a builder’s skip cost? | how long can you keep a skip? | how long can you keep a skip for? | skip operators licence | half builder's skip | skip weight limits | london skip permit rates | general skip restrictions | filling a skip | mini skip",8,119
"likewise, using boards around the side of the skip in an attempt to increase its capacity is illegal.",skip,"builder's skip | builder's plus skip | can i put a skip on my garden? | midi skip | all skip sizes | what are the benefits of using a skip hiring service? | what can i put in a skip | what can’t i put in a skip | what happens to the waste in my skip? | affordable skip hiring | what is the most common skip size in the uk? | what kind of materials can be put in a a skip | what you can't skip | why rent a skip? | can i put a skip on my road? | struggling for space and want your rubbish gone straight away? book online in 3 easy steps: enter your postcode, choose a skip, and select your delivery/collection dates – you fill it, we collect it. | choosing the best skip size | cost of different sized skips | order for the skip | our extensive range of skip sizes extends to over 600 containers in the following sizes: | know your required skip size. | plasterboard only skips | restricted items – what can’t you put in a skip? | same day skip delivery | siting the skip | size of the skip you need | how much does a skip permit cost? | how much does a builder’s skip cost? | how long can you keep a skip? | how long can you keep a skip for? | skip operators licence | half builder's skip | skip weight limits | london skip permit rates | general skip restrictions | filling a skip | mini skip",8,101
do you need your perfect skip delivered by a skip hire service in sidcup that can do it within hours of your request?,"skip, hire","builder's skip | builder's plus skip | can i put a skip on my garden? | midi skip | all skip sizes | what are the benefits of using a skip hiring service? | what can i put in a skip | what can’t i put in a skip | what happens to the waste in my skip? | affordable skip hiring | what is the most common skip size in the uk? | what kind of materials can be put in a a skip | what you can't skip | why rent a skip? | can i put a skip on my road? | struggling for space and want your rubbish gone straight away? book online in 3 easy steps: enter your postcode, choose a skip, and select your delivery/collection dates – you fill it, we collect it. | choosing the best skip size | cost of different sized skips | order for the skip | our extensive range of skip sizes extends to over 600 containers in the following sizes: | know your required skip size. | plasterboard only skips | restricted items – what can’t you put in a skip? | same day skip delivery | siting the skip | size of the skip you need | how much does a skip permit cost? | how much does a builder’s skip cost? | how long can you keep a skip? | how long can you keep a skip for? | skip operators licence | half builder's skip | skip weight limits | london skip permit rates | general skip restrictions | filling a skip | mini skip",4,117
check with your chosen skip hire company; they may have additional restricted items you cannot place in a skip.,"skip, hire","builder's skip | builder's plus skip | can i put a skip on my garden? | midi skip | all skip sizes | what are the benefits of using a skip hiring service? | what can i put in a skip | what can’t i put in a skip | what happens to the waste in my skip? | affordable skip hiring | what is the most common skip size in the uk? | what kind of materials can be put in a a skip | what you can't skip | why rent a skip? | can i put a skip on my road? | struggling for space and want your rubbish gone straight away? book online in 3 easy steps: enter your postcode, choose a skip, and select your delivery/collection dates – you fill it, we collect it. | choosing the best skip size | cost of different sized skips | order for the skip | our extensive range of skip sizes extends to over 600 containers in the following sizes: | know your required skip size. | plasterboard only skips | restricted items – what can’t you put in a skip? | same day skip delivery | siting the skip | size of the skip you need | how much does a skip permit cost? | how much does a builder’s skip cost? | how long can you keep a skip? | how long can you keep a skip for? | skip operators licence | half builder's skip | skip weight limits | london skip permit rates | general skip restrictions | filling a skip | mini skip",4,111
the average skip hire time in the uk is 2 weeks.,"skip, hire","builder's skip | builder's plus skip | can i put a skip on my garden? | midi skip | all skip sizes | what are the benefits of using a skip hiring service? | what can i put in a skip | what can’t i put in a skip | what happens to the waste in my skip? | affordable skip hiring | what is the most common skip size in the uk? | what kind of materials can be put in a a skip | what you can't skip | why rent a skip? | can i put a skip on my road? | struggling for space and want your rubbish gone straight away? book online in 3 easy steps: enter your postcode, choose a skip, and select your delivery/collection dates – you fill it, we collect it. | choosing the best skip size | cost of different sized skips | order for the skip | our extensive range of skip sizes extends to over 600 containers in the following sizes: | know your required skip size. | plasterboard only skips | restricted items – what can’t you put in a skip? | same day skip delivery | siting the skip | size of the skip you need | how much does a skip permit cost? | how much does a builder’s skip cost? | how long can you keep a skip? | how long can you keep a skip for? | skip operators licence | half builder's skip | skip weight limits | london skip permit rates | general skip restrictions | filling a skip | mini skip",4,48
"when you want to hire a skip at a reasonable price, you first need to figure out what size skip you would need for the items you need to dispose off.","skip, hire","builder's skip | builder's plus skip | can i put a skip on my garden? | midi skip | all skip sizes | what are the benefits of using a skip hiring service? | what can i put in a skip | what can’t i put in a skip | what happens to the waste in my skip? | affordable skip hiring | what is the most common skip size in the uk? | what kind of materials can be put in a a skip | what you can't skip | why rent a skip? | can i put a skip on my road? | struggling for space and want your rubbish gone straight away? book online in 3 easy steps: enter your postcode, choose a skip, and select your delivery/collection dates – you fill it, we collect it. | choosing the best skip size | cost of different sized skips | order for the skip | our extensive range of skip sizes extends to over 600 containers in the following sizes: | know your required skip size. | plasterboard only skips | restricted items – what can’t you put in a skip? | same day skip delivery | siting the skip | size of the skip you need | how much does a skip permit cost? | how much does a builder’s skip cost? | how long can you keep a skip? | how long can you keep a skip for? | skip operators licence | half builder's skip | skip weight limits | london skip permit rates | general skip restrictions | filling a skip | mini skip",4,149
"general waste, garden waste and builders waste are widely accepted, as are papers, metals furniture and most small electricals.",waste,"builder's skip | builder's plus skip | can i put a skip on my garden? | midi skip | all skip sizes | what are the benefits of using a skip hiring service? | what can i put in a skip | what can’t i put in a skip | what happens to the waste in my skip? | affordable skip hiring | what is the most common skip size in the uk? | what kind of materials can be put in a a skip | what you can't skip | why rent a skip? | can i put a skip on my road? | struggling for space and want your rubbish gone straight away? book online in 3 easy steps: enter your postcode, choose a skip, and select your delivery/collection dates – you fill it, we collect it. | choosing the best skip size | cost of different sized skips | order for the skip | our extensive range of skip sizes extends to over 600 containers in the following sizes: | know your required skip size. | plasterboard only skips | restricted items – what can’t you put in a skip? | same day skip delivery | siting the skip | size of the skip you need | how much does a skip permit cost? | how much does a builder’s skip cost? | how long can you keep a skip? | how long can you keep a skip for? | skip operators licence | half builder's skip | skip weight limits | london skip permit rates | general skip restrictions | filling a skip | mini skip",4,127
"if you wish to dispose of items such as computer monitors, fridges, fridge-freezers, tvs or tyres you can book a bulky waste collection.",waste,"builder's skip | builder's plus skip | can i put a skip on my garden? | midi skip | all skip sizes | what are the benefits of using a skip hiring service? | what can i put in a skip | what can’t i put in a skip | what happens to the waste in my skip? | affordable skip hiring | what is the most common skip size in the uk? | what kind of materials can be put in a a skip | what you can't skip | why rent a skip? | can i put a skip on my road? | struggling for space and want your rubbish gone straight away? book online in 3 easy steps: enter your postcode, choose a skip, and select your delivery/collection dates – you fill it, we collect it. | choosing the best skip size | cost of different sized skips | order for the skip | our extensive range of skip sizes extends to over 600 containers in the following sizes: | know your required skip size. | plasterboard only skips | restricted items – what can’t you put in a skip? | same day skip delivery | siting the skip | size of the skip you need | how much does a skip permit cost? | how much does a builder’s skip cost? | how long can you keep a skip? | how long can you keep a skip for? | skip operators licence | half builder's skip | skip weight limits | london skip permit rates | general skip restrictions | filling a skip | mini skip",4,136
got a huge pile of industrial waste you are looking for a way to dispose of or recycle?,waste,"builder's skip | builder's plus skip | can i put a skip on my garden? | midi skip | all skip sizes | what are the benefits of using a skip hiring service? | what can i put in a skip | what can’t i put in a skip | what happens to the waste in my skip? | affordable skip hiring | what is the most common skip size in the uk? | what kind of materials can be put in a a skip | what you can't skip | why rent a skip? | can i put a skip on my road? | struggling for space and want your rubbish gone straight away? book online in 3 easy steps: enter your postcode, choose a skip, and select your delivery/collection dates – you fill it, we collect it. | choosing the best skip size | cost of different sized skips | order for the skip | our extensive range of skip sizes extends to over 600 containers in the following sizes: | know your required skip size. | plasterboard only skips | restricted items – what can’t you put in a skip? | same day skip delivery | siting the skip | size of the skip you need | how much does a skip permit cost? | how much does a builder’s skip cost? | how long can you keep a skip? | how long can you keep a skip for? | skip operators licence | half builder's skip | skip weight limits | london skip permit rates | general skip restrictions | filling a skip | mini skip",4,87
"alternatively, you can call our friendly team on the number below to discuss your waste management options and book over the phone.",waste,"builder's skip | builder's plus skip | can i put a skip on my garden? | midi skip | all skip sizes | what are the benefits of using a skip hiring service? | what can i put in a skip | what can’t i put in a skip | what happens to the waste in my skip? | affordable skip hiring | what is the most common skip size in the uk? | what kind of materials can be put in a a skip | what you can't skip | why rent a skip? | can i put a skip on my road? | struggling for space and want your rubbish gone straight away? book online in 3 easy steps: enter your postcode, choose a skip, and select your delivery/collection dates – you fill it, we collect it. | choosing the best skip size | cost of different sized skips | order for the skip | our extensive range of skip sizes extends to over 600 containers in the following sizes: | know your required skip size. | plasterboard only skips | restricted items – what can’t you put in a skip? | same day skip delivery | siting the skip | size of the skip you need | how much does a skip permit cost? | how much does a builder’s skip cost? | how long can you keep a skip? | how long can you keep a skip for? | skip operators licence | half builder's skip | skip weight limits | london skip permit rates | general skip restrictions | filling a skip | mini skip",4,131
"therefore, please check with your skip provider and they will be able to advise you of the best skip for the job.","skip, will","builder's skip | builder's plus skip | can i put a skip on my garden? | midi skip | all skip sizes | what are the benefits of using a skip hiring service? | what can i put in a skip | what can’t i put in a skip | what happens to the waste in my skip? | affordable skip hiring | what is the most common skip size in the uk? | what kind of materials can be put in a a skip | what you can't skip | why rent a skip? | can i put a skip on my road? | struggling for space and want your rubbish gone straight away? book online in 3 easy steps: enter your postcode, choose a skip, and select your delivery/collection dates – you fill it, we collect it. | choosing the best skip size | cost of different sized skips | order for the skip | our extensive range of skip sizes extends to over 600 containers in the following sizes: | know your required skip size. | plasterboard only skips | restricted items – what can’t you put in a skip? | same day skip delivery | siting the skip | size of the skip you need | how much does a skip permit cost? | how much does a builder’s skip cost? | how long can you keep a skip? | how long can you keep a skip for? | skip operators licence | half builder's skip | skip weight limits | london skip permit rates | general skip restrictions | filling a skip | mini skip",3,113
"furthermore, in the instance where you do not have enough space on your property to accommodate the skip such that it will occupy a portion of public space such as curb, street, etc.","skip, will","builder's skip | builder's plus skip | can i put a skip on my garden? | midi skip | all skip sizes | what are the benefits of using a skip hiring service? | what can i put in a skip | what can’t i put in a skip | what happens to the waste in my skip? | affordable skip hiring | what is the most common skip size in the uk? | what kind of materials can be put in a a skip | what you can't skip | why rent a skip? | can i put a skip on my road? | struggling for space and want your rubbish gone straight away? book online in 3 easy steps: enter your postcode, choose a skip, and select your delivery/collection dates – you fill it, we collect it. | choosing the best skip size | cost of different sized skips | order for the skip | our extensive range of skip sizes extends to over 600 containers in the following sizes: | know your required skip size. | plasterboard only skips | restricted items – what can’t you put in a skip? | same day skip delivery | siting the skip | size of the skip you need | how much does a skip permit cost? | how much does a builder’s skip cost? | how long can you keep a skip? | how long can you keep a skip for? | skip operators licence | half builder's skip | skip weight limits | london skip permit rates | general skip restrictions | filling a skip | mini skip",3,182
"not to worry, in this section, we will go over those things that are “illegal” skip items, so to speak, plus reasons why these materials are deemed unfit to be placed in a skip and how best to dispose of them.","skip, will","builder's skip | builder's plus skip | can i put a skip on my garden? | midi skip | all skip sizes | what are the benefits of using a skip hiring service? | what can i put in a skip | what can’t i put in a skip | what happens to the waste in my skip? | affordable skip hiring | what is the most common skip size in the uk? | what kind of materials can be put in a a skip | what you can't skip | why rent a skip? | can i put a skip on my road? | struggling for space and want your rubbish gone straight away? book online in 3 easy steps: enter your postcode, choose a skip, and select your delivery/collection dates – you fill it, we collect it. | choosing the best skip size | cost of different sized skips | order for the skip | our extensive range of skip sizes extends to over 600 containers in the following sizes: | know your required skip size. | plasterboard only skips | restricted items – what can’t you put in a skip? | same day skip delivery | siting the skip | size of the skip you need | how much does a skip permit cost? | how much does a builder’s skip cost? | how long can you keep a skip? | how long can you keep a skip for? | skip operators licence | half builder's skip | skip weight limits | london skip permit rates | general skip restrictions | filling a skip | mini skip",3,209
"if you are looking for a skip hire service that can offer you the best skip hire prices, our comparison page can help compare prices of different skip hire services in the uk.","skip, hire, prices","builder's skip | builder's plus skip | can i put a skip on my garden? | midi skip | all skip sizes | what are the benefits of using a skip hiring service? | what can i put in a skip | what can’t i put in a skip | what happens to the waste in my skip? | affordable skip hiring | what is the most common skip size in the uk? | what kind of materials can be put in a a skip | what you can't skip | why rent a skip? | can i put a skip on my road? | struggling for space and want your rubbish gone straight away? book online in 3 easy steps: enter your postcode, choose a skip, and select your delivery/collection dates – you fill it, we collect it. | choosing the best skip size | cost of different sized skips | order for the skip | our extensive range of skip sizes extends to over 600 containers in the following sizes: | know your required skip size. | plasterboard only skips | restricted items – what can’t you put in a skip? | same day skip delivery | siting the skip | size of the skip you need | how much does a skip permit cost? | how much does a builder’s skip cost? | how long can you keep a skip? | how long can you keep a skip for? | skip operators licence | half builder's skip | skip weight limits | london skip permit rates | general skip restrictions | filling a skip | mini skip",3,175
"please note: the prices below are a guide of our skip hire, and prices may vary.","skip, hire, prices","builder's skip | builder's plus skip | can i put a skip on my garden? | midi skip | all skip sizes | what are the benefits of using a skip hiring service? | what can i put in a skip | what can’t i put in a skip | what happens to the waste in my skip? | affordable skip hiring | what is the most common skip size in the uk? | what kind of materials can be put in a a skip | what you can't skip | why rent a skip? | can i put a skip on my road? | struggling for space and want your rubbish gone straight away? book online in 3 easy steps: enter your postcode, choose a skip, and select your delivery/collection dates – you fill it, we collect it. | choosing the best skip size | cost of different sized skips | order for the skip | our extensive range of skip sizes extends to over 600 containers in the following sizes: | know your required skip size. | plasterboard only skips | restricted items – what can’t you put in a skip? | same day skip delivery | siting the skip | size of the skip you need | how much does a skip permit cost? | how much does a builder’s skip cost? | how long can you keep a skip? | how long can you keep a skip for? | skip operators licence | half builder's skip | skip weight limits | london skip permit rates | general skip restrictions | filling a skip | mini skip",3,80
"the most common skip sizes are 6 or 8 yard skips, although sizing really depends on what you require the skip for.","skip, skips","builder's skip | builder's plus skip | can i put a skip on my garden? | midi skip | all skip sizes | what are the benefits of using a skip hiring service? | what can i put in a skip | what can’t i put in a skip | what happens to the waste in my skip? | affordable skip hiring | what is the most common skip size in the uk? | what kind of materials can be put in a a skip | what you can't skip | why rent a skip? | can i put a skip on my road? | struggling for space and want your rubbish gone straight away? book online in 3 easy steps: enter your postcode, choose a skip, and select your delivery/collection dates – you fill it, we collect it. | choosing the best skip size | cost of different sized skips | order for the skip | our extensive range of skip sizes extends to over 600 containers in the following sizes: | know your required skip size. | plasterboard only skips | restricted items – what can’t you put in a skip? | same day skip delivery | siting the skip | size of the skip you need | how much does a skip permit cost? | how much does a builder’s skip cost? | how long can you keep a skip? | how long can you keep a skip for? | skip operators licence | half builder's skip | skip weight limits | london skip permit rates | general skip restrictions | filling a skip | mini skip",3,114
if you are a skip company wishing to place skips on the highway then you must register with us.,"skip, skips","builder's skip | builder's plus skip | can i put a skip on my garden? | midi skip | all skip sizes | what are the benefits of using a skip hiring service? | what can i put in a skip | what can’t i put in a skip | what happens to the waste in my skip? | affordable skip hiring | what is the most common skip size in the uk? | what kind of materials can be put in a a skip | what you can't skip | why rent a skip? | can i put a skip on my road? | struggling for space and want your rubbish gone straight away? book online in 3 easy steps: enter your postcode, choose a skip, and select your delivery/collection dates – you fill it, we collect it. | choosing the best skip size | cost of different sized skips | order for the skip | our extensive range of skip sizes extends to over 600 containers in the following sizes: | know your required skip size. | plasterboard only skips | restricted items – what can’t you put in a skip? | same day skip delivery | siting the skip | size of the skip you need | how much does a skip permit cost? | how much does a builder’s skip cost? | how long can you keep a skip? | how long can you keep a skip for? | skip operators licence | half builder's skip | skip weight limits | london skip permit rates | general skip restrictions | filling a skip | mini skip",3,95
it is against the law for our drivers to carry skips loaded beyond this point on highways.,"skip, skips","builder's skip | builder's plus skip | can i put a skip on my garden? | midi skip | all skip sizes | what are the benefits of using a skip hiring service? | what can i put in a skip | what can’t i put in a skip | what happens to the waste in my skip? | affordable skip hiring | what is the most common skip size in the uk? | what kind of materials can be put in a a skip | what you can't skip | why rent a skip? | can i put a skip on my road? | struggling for space and want your rubbish gone straight away? book online in 3 easy steps: enter your postcode, choose a skip, and select your delivery/collection dates – you fill it, we collect it. | choosing the best skip size | cost of different sized skips | order for the skip | our extensive range of skip sizes extends to over 600 containers in the following sizes: | know your required skip size. | plasterboard only skips | restricted items – what can’t you put in a skip? | same day skip delivery | siting the skip | size of the skip you need | how much does a skip permit cost? | how much does a builder’s skip cost? | how long can you keep a skip? | how long can you keep a skip for? | skip operators licence | half builder's skip | skip weight limits | london skip permit rates | general skip restrictions | filling a skip | mini skip",3,90
"we always strive to offer the best priced skip hire prices, or hire rates, when hiring a skip in the uk.","skip, hire, prices","builder's skip | builder's plus skip | can i put a skip on my garden? | midi skip | all skip sizes | what are the benefits of using a skip hiring service? | what can i put in a skip | what can’t i put in a skip | what happens to the waste in my skip? | affordable skip hiring | what is the most common skip size in the uk? | what kind of materials can be put in a a skip | what you can't skip | why rent a skip? | can i put a skip on my road? | struggling for space and want your rubbish gone straight away? book online in 3 easy steps: enter your postcode, choose a skip, and select your delivery/collection dates – you fill it, we collect it. | choosing the best skip size | cost of different sized skips | order for the skip | our extensive range of skip sizes extends to over 600 containers in the following sizes: | know your required skip size. | plasterboard only skips | restricted items – what can’t you put in a skip? | same day skip delivery | siting the skip | size of the skip you need | how much does a skip permit cost? | how much does a builder’s skip cost? | how long can you keep a skip? | how long can you keep a skip for? | skip operators licence | half builder's skip | skip weight limits | london skip permit rates | general skip restrictions | filling a skip | mini skip",3,104
"your location in sidcup isn’t a problem, as we will deliver to you on the same day.","will, day","builder's skip | builder's plus skip | can i put a skip on my garden? | midi skip | all skip sizes | what are the benefits of using a skip hiring service? | what can i put in a skip | what can’t i put in a skip | what happens to the waste in my skip? | affordable skip hiring | what is the most common skip size in the uk? | what kind of materials can be put in a a skip | what you can't skip | why rent a skip? | can i put a skip on my road? | struggling for space and want your rubbish gone straight away? book online in 3 easy steps: enter your postcode, choose a skip, and select your delivery/collection dates – you fill it, we collect it. | choosing the best skip size | cost of different sized skips | order for the skip | our extensive range of skip sizes extends to over 600 containers in the following sizes: | know your required skip size. | plasterboard only skips | restricted items – what can’t you put in a skip? | same day skip delivery | siting the skip | size of the skip you need | how much does a skip permit cost? | how much does a builder’s skip cost? | how long can you keep a skip? | how long can you keep a skip for? | skip operators licence | half builder's skip | skip weight limits | london skip permit rates | general skip restrictions | filling a skip | mini skip",2,83
"but on the average, it will be delivered the next day.","will, day","builder's skip | builder's plus skip | can i put a skip on my garden? | midi skip | all skip sizes | what are the benefits of using a skip hiring service? | what can i put in a skip | what can’t i put in a skip | what happens to the waste in my skip? | affordable skip hiring | what is the most common skip size in the uk? | what kind of materials can be put in a a skip | what you can't skip | why rent a skip? | can i put a skip on my road? | struggling for space and want your rubbish gone straight away? book online in 3 easy steps: enter your postcode, choose a skip, and select your delivery/collection dates – you fill it, we collect it. | choosing the best skip size | cost of different sized skips | order for the skip | our extensive range of skip sizes extends to over 600 containers in the following sizes: | know your required skip size. | plasterboard only skips | restricted items – what can’t you put in a skip? | same day skip delivery | siting the skip | size of the skip you need | how much does a skip permit cost? | how much does a builder’s skip cost? | how long can you keep a skip? | how long can you keep a skip for? | skip operators licence | half builder's skip | skip weight limits | london skip permit rates | general skip restrictions | filling a skip | mini skip",2,54
from £250(inc vat) from £280(inc vat) you can place a skip on your garden which will negate the need for a permit.,"skip, will, permit","builder's skip | builder's plus skip | can i put a skip on my garden? | midi skip | all skip sizes | what are the benefits of using a skip hiring service? | what can i put in a skip | what can’t i put in a skip | what happens to the waste in my skip? | affordable skip hiring | what is the most common skip size in the uk? | what kind of materials can be put in a a skip | what you can't skip | why rent a skip? | can i put a skip on my road? | struggling for space and want your rubbish gone straight away? book online in 3 easy steps: enter your postcode, choose a skip, and select your delivery/collection dates – you fill it, we collect it. | choosing the best skip size | cost of different sized skips | order for the skip | our extensive range of skip sizes extends to over 600 containers in the following sizes: | know your required skip size. | plasterboard only skips | restricted items – what can’t you put in a skip? | same day skip delivery | siting the skip | size of the skip you need | how much does a skip permit cost? | how much does a builder’s skip cost? | how long can you keep a skip? | how long can you keep a skip for? | skip operators licence | half builder's skip | skip weight limits | london skip permit rates | general skip restrictions | filling a skip | mini skip",2,114
you might need a skip permit if the skip will be kept on a public space.,"skip, will, permit","builder's skip | builder's plus skip | can i put a skip on my garden? | midi skip | all skip sizes | what are the benefits of using a skip hiring service? | what can i put in a skip | what can’t i put in a skip | what happens to the waste in my skip? | affordable skip hiring | what is the most common skip size in the uk? | what kind of materials can be put in a a skip | what you can't skip | why rent a skip? | can i put a skip on my road? | struggling for space and want your rubbish gone straight away? book online in 3 easy steps: enter your postcode, choose a skip, and select your delivery/collection dates – you fill it, we collect it. | choosing the best skip size | cost of different sized skips | order for the skip | our extensive range of skip sizes extends to over 600 containers in the following sizes: | know your required skip size. | plasterboard only skips | restricted items – what can’t you put in a skip? | same day skip delivery | siting the skip | size of the skip you need | how much does a skip permit cost? | how much does a builder’s skip cost? | how long can you keep a skip? | how long can you keep a skip for? | skip operators licence | half builder's skip | skip weight limits | london skip permit rates | general skip restrictions | filling a skip | mini skip",2,72
"to help keep the costs low, skip companies try to recycle most of the waste.","skip, waste","builder's skip | builder's plus skip | can i put a skip on my garden? | midi skip | all skip sizes | what are the benefits of using a skip hiring service? | what can i put in a skip | what can’t i put in a skip | what happens to the waste in my skip? | affordable skip hiring | what is the most common skip size in the uk? | what kind of materials can be put in a a skip | what you can't skip | why rent a skip? | can i put a skip on my road? | struggling for space and want your rubbish gone straight away? book online in 3 easy steps: enter your postcode, choose a skip, and select your delivery/collection dates – you fill it, we collect it. | choosing the best skip size | cost of different sized skips | order for the skip | our extensive range of skip sizes extends to over 600 containers in the following sizes: | know your required skip size. | plasterboard only skips | restricted items – what can’t you put in a skip? | same day skip delivery | siting the skip | size of the skip you need | how much does a skip permit cost? | how much does a builder’s skip cost? | how long can you keep a skip? | how long can you keep a skip for? | skip operators licence | half builder's skip | skip weight limits | london skip permit rates | general skip restrictions | filling a skip | mini skip",2,76
"norris sidcup has all the skip sizes, for any quantity of waste, you could possibly need.","skip, waste","builder's skip | builder's plus skip | can i put a skip on my garden? | midi skip | all skip sizes | what are the benefits of using a skip hiring service? | what can i put in a skip | what can’t i put in a skip | what happens to the waste in my skip? | affordable skip hiring | what is the most common skip size in the uk? | what kind of materials can be put in a a skip | what you can't skip | why rent a skip? | can i put a skip on my road? | struggling for space and want your rubbish gone straight away? book online in 3 easy steps: enter your postcode, choose a skip, and select your delivery/collection dates – you fill it, we collect it. | choosing the best skip size | cost of different sized skips | order for the skip | our extensive range of skip sizes extends to over 600 containers in the following sizes: | know your required skip size. | plasterboard only skips | restricted items – what can’t you put in a skip? | same day skip delivery | siting the skip | size of the skip you need | how much does a skip permit cost? | how much does a builder’s skip cost? | how long can you keep a skip? | how long can you keep a skip for? | skip operators licence | half builder's skip | skip weight limits | london skip permit rates | general skip restrictions | filling a skip | mini skip",2,89
builders skips when full will require our larger lorry so 10’ access is required.,"skip, will, skips, access","builder's skip | builder's plus skip | can i put a skip on my garden? | midi skip | all skip sizes | what are the benefits of using a skip hiring service? | what can i put in a skip | what can’t i put in a skip | what happens to the waste in my skip? | affordable skip hiring | what is the most common skip size in the uk? | what kind of materials can be put in a a skip | what you can't skip | why rent a skip? | can i put a skip on my road? | struggling for space and want your rubbish gone straight away? book online in 3 easy steps: enter your postcode, choose a skip, and select your delivery/collection dates – you fill it, we collect it. | choosing the best skip size | cost of different sized skips | order for the skip | our extensive range of skip sizes extends to over 600 containers in the following sizes: | know your required skip size. | plasterboard only skips | restricted items – what can’t you put in a skip? | same day skip delivery | siting the skip | size of the skip you need | how much does a skip permit cost? | how much does a builder’s skip cost? | how long can you keep a skip? | how long can you keep a skip for? | skip operators licence | half builder's skip | skip weight limits | london skip permit rates | general skip restrictions | filling a skip | mini skip",2,81
please note: the smaller skips can/will be delivered on our smaller lorry so a minimum of 7’ 7  is required for access.,"skip, will, skips, access","builder's skip | builder's plus skip | can i put a skip on my garden? | midi skip | all skip sizes | what are the benefits of using a skip hiring service? | what can i put in a skip | what can’t i put in a skip | what happens to the waste in my skip? | affordable skip hiring | what is the most common skip size in the uk? | what kind of materials can be put in a a skip | what you can't skip | why rent a skip? | can i put a skip on my road? | struggling for space and want your rubbish gone straight away? book online in 3 easy steps: enter your postcode, choose a skip, and select your delivery/collection dates – you fill it, we collect it. | choosing the best skip size | cost of different sized skips | order for the skip | our extensive range of skip sizes extends to over 600 containers in the following sizes: | know your required skip size. | plasterboard only skips | restricted items – what can’t you put in a skip? | same day skip delivery | siting the skip | size of the skip you need | how much does a skip permit cost? | how much does a builder’s skip cost? | how long can you keep a skip? | how long can you keep a skip for? | skip operators licence | half builder's skip | skip weight limits | london skip permit rates | general skip restrictions | filling a skip | mini skip",2,119
