﻿Sentence,Word,Heading,Count,Len
if you need any advice on the type of skip sizes to hire then please call 01493 668118 or email our trade office and we can use our years of industry expertise to advise you on the correct capacity skip for your requirements.,"skip, sizes",what you can't skip | the rabbit skip range | why rent a skip? | affordable skip hiring | skip sizes | skip licence | call us now on 02082082211 / 01923675677 or order your skip online,3,225
see our skip sizes section to work out which skip is best for your requirements.,"skip, sizes",what you can't skip | the rabbit skip range | why rent a skip? | affordable skip hiring | skip sizes | skip licence | call us now on 02082082211 / 01923675677 or order your skip online,3,80
we are able to supply skips in a number of different sizes allowing you to find the right one for your job.,"skip, sizes",what you can't skip | the rabbit skip range | why rent a skip? | affordable skip hiring | skip sizes | skip licence | call us now on 02082082211 / 01923675677 or order your skip online,3,107
book your skip online today to receive the best deal.,skip,what you can't skip | the rabbit skip range | why rent a skip? | affordable skip hiring | skip sizes | skip licence | call us now on 02082082211 / 01923675677 or order your skip online,3,53
if the skip cannot be sited on private land a skip licence must be obtained before we can site the skip on the highway ('highway' is classed as public land such as roads or grass verges).,skip,what you can't skip | the rabbit skip range | why rent a skip? | affordable skip hiring | skip sizes | skip licence | call us now on 02082082211 / 01923675677 or order your skip online,3,187
"we’re all about saving our customers and local businesses time and money – and if you call to hire a skip today, you may just be able to get access to our skip lorry vehicles the same day you enquire – as well as a quote which will be based entirely upon your needs and the type of skip you wish to rent.",skip,what you can't skip | the rabbit skip range | why rent a skip? | affordable skip hiring | skip sizes | skip licence | call us now on 02082082211 / 01923675677 or order your skip online,3,304
all waste will be pre-treated and recycled.,waste,what you can't skip | the rabbit skip range | why rent a skip? | affordable skip hiring | skip sizes | skip licence | call us now on 02082082211 / 01923675677 or order your skip online,2,43
"if you wish to dispose of items such as computer monitors, fridges, fridge-freezers, tvs or tyres you can book a bulky waste collection.",waste,what you can't skip | the rabbit skip range | why rent a skip? | affordable skip hiring | skip sizes | skip licence | call us now on 02082082211 / 01923675677 or order your skip online,2,136
