Keyword/Keyword Phrase,Related Terms,Volume,CPC,URL
skip hire,skip hire,74000,2.94,https://www.skiphireuk.co.uk/
skip hire,skip hire,74000,2.94,https://www.skiphirenetwork.com/
skip hire,skip hire,74000,2.94,https://www.hssskips.com/
skip hire,skip hire,74000,2.94,https://www.mickgeorge.co.uk/skip-hire
skip hire,skip hire,74000,2.94,https://www.amawaste.co.uk/skip-hire
skip hire,skip hire,74000,2.94,https://www.envirowaste.co.uk/skip-hire/
skip hire,skip hire,74000,2.94,https://www.skiphiremagazine.co.uk/
skip hire,skip hire,74000,2.94,https://www.biffa.co.uk/business-waste/our-services/skip-hire
skip hire,skip hire,74000,2.94,http://www.mountainskiphire.co.uk/
skip hire,skip hire,74000,2.94,https://www.anyjunk.co.uk/blog/guides/skip-hire-guide/
skip hire,skip hire,74000,2.94,https://www.batemanskips.co.uk/
skip hire,skip hire,74000,2.94,https://www.isl-wasteservices.co.uk/skip-hire/
skip hire,skip hire,74000,2.94,https://www.basingstokeskiphire.co.uk/
skip hire,skip hire,74000,2.94,https://www.reconomy.com/services/skip-hire
skip hire,skip hire,74000,2.94,https://a1-skips.co.uk/
skip hire,skip hire,74000,2.94,https://www.arthursskips.co.uk/
skip hire,skip hire,74000,2.94,https://www.bourneskiphire.biz/
skip hire,skip hire,74000,2.94,https://www.colsontransport.co.uk/skip-hire/
skip hire,skip hire,74000,2.94,https://www.clearabee.co.uk/skip-hire
skip hire,skip hire near me,22200,2.92,https://skiphirecomparison.co.uk/
skip hire,skip hire near me,22200,2.92,https://www.skip-rental.co.uk/
skip hire,skip hire near me,22200,2.92,https://www.bookaskip.co.uk/
skip hire,skip hire near me,22200,2.92,https://www.hssskips.com/
skip hire,skip hire near me,22200,2.92,https://lathamskips.co.uk/
skip hire,skip hire near me,22200,2.92,http://cheapskiphires.co.uk/
skip hire,skip hire near me,22200,2.92,https://www.anyjunk.co.uk/blog/guides/skip-hire-guide/
skip hire,skip hire near me,22200,2.92,https://www.anyjunk.co.uk/skip-hire/
skip hire,skip hire near me,22200,2.92,https://www.envirowaste.co.uk/skip-hire/
skip hire,skip hire near me,22200,2.92,https://www.njbrecycling.co.uk/local-skip-hire/
skip hire,skip hire near me,22200,2.92,https://www.tigerskiphire.co.uk/areas-we-cover/skip-hire-dewsbury/
skip hire,skip hire near me,22200,2.92,https://www.njbrecycling.co.uk/brentford-skip-hire/
skip hire,skip hire near me,22200,2.92,https://tjctransport.co.uk/cheap-skip-hire.php
skip hire,skip hire near me,22200,2.92,https://www.expertskiphire.co.uk/skip-hire-lewes
skip hire,skip hire near me,22200,2.92,https://www.lightbros.co.uk/skip-hire/
skip hire,skip hire near me,22200,2.92,https://www.batemanskips.co.uk/
skip hire,skip hire near me,22200,2.92,https://redditchskiphire.co.uk/
skip hire,skip hire near me,22200,2.92,https://pinkskipsmanchester.co.uk/
skip hire,skip hire near me,22200,2.92,https://www.kennyskiphire.co.uk/
skip hire,skip hire near me,22200,2.92,https://jnskips.co.uk/
skip hire,skip hire prices,12100,2.46,https://www.skip-rental.co.uk/prices/
skip hire,skip hire prices,12100,2.46,https://skiphire.services/prices/
skip hire,skip hire prices,12100,2.46,https://householdquotes.co.uk/how-to-keep-down-your-skip-hire-costs/
skip hire,skip hire prices,12100,2.46,https://www.anyjunk.co.uk/blog/random-rubbish/average-skip-hire-prices/
skip hire,skip hire prices,12100,2.46,https://www.anyjunk.co.uk/blog/random-rubbish/london-skip-hire-prices/
skip hire,skip hire prices,12100,2.46,https://skiphirecomparison.co.uk/best-skip-hire-prices/
skip hire,skip hire prices,12100,2.46,https://groundskips.co.uk/skip-hire/skip-hire-prices/
skip hire,skip hire prices,12100,2.46,https://www.envirowaste.co.uk/skip-hire/
skip hire,skip hire prices,12100,2.46,https://www.hippowaste.co.uk/skip-hire/
skip hire,skip hire prices,12100,2.46,https://www.fixmyroof.co.uk/skip-hire-prices-cost/
skip hire,skip hire prices,12100,2.46,http://quotationcheck.com/skip-hire-costs/
skip hire,skip hire prices,12100,2.46,https://loveskiphire.co.uk/faq/skip-hire-prices/
skip hire,skip hire prices,12100,2.46,https://www.bookaskip.co.uk/
skip hire,skip hire prices,12100,2.46,https://www.proskips.co.uk/skip-hire-prices-cost-guide
skip hire,skip hire prices,12100,2.46,https://www.ableskips.co.uk/
skip hire,skip hire prices,12100,2.46,https://www.edinburghskiphire.com/2018/11/19/848/
skip hire,skip hire prices,12100,2.46,https://norriskips.co.uk/skip-hire/kent/gravesend/
skip hire,skip hire prices,12100,2.46,https://norriskips.co.uk/skip-hire/london/bromley/orpington/
skip hire,skip hire prices,12100,2.46,https://lathamskips.co.uk/
skip hire,skip hire prices,12100,2.46,https://www.expertskiphire.co.uk/skip-hire-hastings
