Keyword/Keyword Phrase,Related Terms,Volume,CPC,URL
plumber,plumber,40500,6.95,https://en.wikipedia.org/wiki/Plumber
plumber,plumber,40500,6.95,https://en.wikipedia.org/wiki/Plumbing
plumber,plumber,40500,6.95,https://www.localheroes.com/plumber
plumber,plumber,40500,6.95,https://www.aspect.co.uk/trades/plumbing-and-cold-water/
plumber,plumber,40500,6.95,https://www.pimlicoplumbers.com/
plumber,plumber,40500,6.95,https://www.ratedpeople.com/local-plumbers
plumber,plumber,40500,6.95,https://www.my-plumber.co.uk/
plumber,plumber,40500,6.95,https://nationalcareers.service.gov.uk/job-profiles/plumber
plumber,plumber,40500,6.95,https://www.watersafe.org.uk/approved_plumbers
plumber,plumber,40500,6.95,https://www.bbc.co.uk/news/business-30851179
plumber,plumber,40500,6.95,https://www.unitedutilities.com/emergencies/got-a-problem/need-a-plumber/
plumber,plumber,40500,6.95,https://www.healthcareers.nhs.uk/explore-roles/wider-healthcare-team/roles-wider-healthcare-team/estates-services/plumber
plumber,plumber,40500,6.95,https://www.thameswater.co.uk/help-and-advice/no-water-or-low-pressure/find-a-plumber
plumber,plumber,40500,6.95,https://www.mybuilder.com/plumbers/in/uk
plumber,plumber,40500,6.95,https://www.southernwater.co.uk/approved-plumber-scheme
plumber,plumbers near me,22200,6.11,https://homeguide.com/plumbers
plumber,plumbers near me,22200,6.11,https://www.localheroes.com/advice/how-to-find-plumbers-near-me
plumber,plumbers near me,22200,6.11,https://www.trustatrader.com/plumbers
plumber,plumbers near me,22200,6.11,https://www.ratedpeople.com/local-plumbers
plumber,plumbers near me,22200,6.11,https://www.yelp.com/nearme/plumbers
plumber,plumbers near me,22200,6.11,https://www.angieslist.com/nearme/plumbers/
plumber,plumbers near me,22200,6.11,https://www.jocoxloneliness.org/plumbers-near-me/
plumber,plumbers near me,22200,6.11,https://www.gumtree.com/plumbing-services/birmingham
plumber,plumbers near me,22200,6.11,https://proemergencyplumbernearme.co.uk/
plumber,plumbers near me,22200,6.11,https://www.myjobquote.co.uk/plumber
plumber,plumbers near me,22200,6.11,https://plentific.com/plumber/
plumber,plumbers near me,22200,6.11,https://www.plumbingforce.co.uk/emergencies/
plumber,plumbers near me,22200,6.11,https://www.hamuch.com/plumber
plumber,plumbers near me,22200,6.11,https://www.checkatrade.com/Search/Plumber/in/Uk
plumber,plumber london,4400,14.21,https://www.plumbforcedirect.co.uk/
plumber,plumber london,4400,14.21,https://www.my-plumber.co.uk/
plumber,plumber london,4400,14.21,https://www.pimlicoplumbers.com/
plumber,plumber london,4400,14.21,https://www.trustatrader.com/plumbers-in-london
plumber,plumber london,4400,14.21,https://www.aspect.co.uk/trades/plumbing-and-cold-water/
plumber,plumber london,4400,14.21,https://www.ratedpeople.com/local-plumbers/london
plumber,plumber london,4400,14.21,https://www.plumblondon.com/
plumber,plumber london,4400,14.21,https://www.gumtree.com/plumbing-services/london
plumber,plumber london,4400,14.21,https://www.checkatrade.com/Search/Plumber/in/London
plumber,plumber london,4400,14.21,https://www.wpjheating.co.uk/plumbing-london/
plumber,plumber london,4400,14.21,https://www.mybuilder.com/plumbers/england/london
plumber,plumber london,4400,14.21,https://london-plumber.co.uk/
plumber,plumber london,4400,14.21,https://www.fantastichandyman.co.uk/plumbers-services/
plumber,plumber london,4400,14.21,https://www.marvel.plumbing/
plumber,plumber london,4400,14.21,https://www.mjcplumbing.net/
plumber,plumbers edinburgh,2900,6.11,https://www.trustedtrader.scot/Edinburgh/search.php?bus_type=Plumbers
plumber,plumbers edinburgh,2900,6.11,https://www.yell.com/s/plumbers-edinburgh.html
plumber,plumbers edinburgh,2900,6.11,https://www.gumtree.com/plumbing-services/edinburgh
plumber,plumbers edinburgh,2900,6.11,https://www.mybuilder.com/plumbers/midlothian/edinburgh
plumber,plumbers edinburgh,2900,6.11,https://threebestrated.co.uk/plumbers-in-edinburgh
plumber,plumbers edinburgh,2900,6.11,http://www.cummingsplumbing.co.uk/
plumber,plumbers edinburgh,2900,6.11,https://edinburgh-reviews.co.uk/6-of-the-most-recommended-plumbers-in-edinburgh/
plumber,plumbers edinburgh,2900,6.11,https://www.trustatrader.com/plumbers-in-edinburgh
plumber,plumbers edinburgh,2900,6.11,https://www.albionplumbing.co.uk/
plumber,plumbers edinburgh,2900,6.11,http://www.abbeyhillplumbing.co.uk/
plumber,plumbers edinburgh,2900,6.11,https://www.emergencyplumbersedinburgh.co.uk/
plumber,plumbers edinburgh,2900,6.11,https://www.cullen-plumbing.co.uk/
plumber,plumbers edinburgh,2900,6.11,https://www.ratedpeople.com/local-plumbers/city-of-edinburgh/edinburgh
plumber,plumbers edinburgh,2900,6.11,http://williamsplumbingedinburgh.co.uk/
plumber,plumbers edinburgh,2900,6.11,http://www.murrayfieldplumbingandheating.co.uk/
plumber,plumber edinburgh,2400,7.59,https://www.trustedtrader.scot/Edinburgh/search.php?bus_type=Plumbers
plumber,plumber edinburgh,2400,7.59,https://www.gumtree.com/plumbing-services/edinburgh
plumber,plumber edinburgh,2400,7.59,https://www.mybuilder.com/plumbers/midlothian/edinburgh
plumber,plumber edinburgh,2400,7.59,https://www.yell.com/s/plumbers-edinburgh.html
plumber,plumber edinburgh,2400,7.59,https://threebestrated.co.uk/plumbers-in-edinburgh
plumber,plumber edinburgh,2400,7.59,http://www.cummingsplumbing.co.uk/
plumber,plumber edinburgh,2400,7.59,https://www.trustatrader.com/plumbers-in-edinburgh
plumber,plumber edinburgh,2400,7.59,https://edinburgh-reviews.co.uk/6-of-the-most-recommended-plumbers-in-edinburgh/
plumber,plumber edinburgh,2400,7.59,https://www.albionplumbing.co.uk/
plumber,plumber edinburgh,2400,7.59,https://www.emergencyplumbersedinburgh.co.uk/
plumber,plumber edinburgh,2400,7.59,https://www.ratedpeople.com/local-plumbers/city-of-edinburgh/edinburgh
plumber,plumber edinburgh,2400,7.59,https://www.cullen-plumbing.co.uk/
plumber,plumber edinburgh,2400,7.59,http://www.abbeyhillplumbing.co.uk/
plumber,plumber edinburgh,2400,7.59,https://celsiusplumbingandheating.com/
plumber,plumber edinburgh,2400,7.59,http://williamsplumbingedinburgh.co.uk/
