Term,Heading,Spintext
skip hire,"{Choose your skip | Nationwide skip service | Skip Permits and Preparation | Skip Sizes | Struggling for space and want your rubbish gone straight away? Book online in 3 easy steps: Enter your postcode, Choose a skip, and Select your delivery/collection dates – You fill it, we collect it.}",API quota exceeded. You can make 300 requests per day.
skip hire near me,{Skips | Why Rent a Skip? | Lockable Skips | Our Skip Size Prices | Mini Skips | Mini Skip | Midi Skips | Midi Skip | Maxi Skips | Half Builder's Skip | Builder's Skip | Builder's Plus Skip | Builder Skips | Affordable Skip Hiring},API quota exceeded. You can make 300 requests per day.
skip hire near me,{Hire a Local Skip in Brentford | Local Skip Hire | Leading Local Skip Hire | Local Skip Hire Near Me},API quota exceeded. You can make 300 requests per day.
skip hire near me,{4 yARD dROP eND skip hire | 6 yARD dROP eND skip hire | 8 yard skip hire},API quota exceeded. You can make 300 requests per day.
skip hire near me,{12 Cubic Yard Closed Skips | 12 Cubic Yard Skips},API quota exceeded. You can make 300 requests per day.
skip hire prices,{Great Prices from Norris},API quota exceeded. You can make 300 requests per day.
skip hire prices,{What Are The Benefits Of Using A Skip Hiring Service? | What kind of materials can be put in a a skip | Order for the skip | How long can you keep a skip? | Affordable Skip Hiring | Skip Weight Limits | Know your required skip size. | SIZE OF THE SKIP YOU NEED | Restricted Items – What Can’t You Put in a Skip? | Why Rent a Skip?},API quota exceeded. You can make 300 requests per day.
skip hire prices,{The 12 Cubic Yard Skip: | The 15 – 40 Cubic Yard Roll on Roll off Skip: | The 14 Cubic Yard Skip: | The 16 Cubic Yard Skip: | The 10 Cubic Yard Skip: | The 8 Cubic Yard Skip: | The 6 Cubic Yard Skip:},API quota exceeded. You can make 300 requests per day.
skip hire prices,{How much does it cost to hire a skip? | How much does it cost to rent or hire a skip? | Additional Factors That Can Affect The Skip Hire Cost & Price},API quota exceeded. You can make 300 requests per day.
skip hire prices,{The 3 Cubic Yard Mini Skip Hire: | The 2 Cubic Yard Mini Skip Hire: | The 4 Cubic Yard Midi Skip Hire:},API quota exceeded. You can make 300 requests per day.
skip hire prices,{Skip Hire Prices – How much does skip hire cost?},API quota exceeded. You can make 300 requests per day.
skip hire prices,{Hastings Skip Sizes and Prices | How do skip prices compare across the country?},API quota exceeded. You can make 300 requests per day.
skip hire prices,{All Skip Sizes | London Skip Permit Rates},API quota exceeded. You can make 300 requests per day.
